row_no,timestamp_iso,symbol,action,direction,qty,a_side,b_side,lat_a_age_ms,lat_b_age_ms,lat_leg_skew_ms,a_minus_b_ms,a_minus_recv_ms,b_minus_recv_ms,a_send_price,a_fill_price,b_send_price,b_fill_price,a_adverse_slippage_usdt,b_adverse_slippage_usdt,total_adverse_slippage_usdt,net_pnl
1,2026-06-10T20:51:34.694Z,SKYAIUSDT,open,+a-b,30,buy,sell,8.0,26.0,18.0,18.0,-8.0,-26.0,0.18178,0.18215,0.18318,0.18248,0.011100000000000276,0.021000000000000185,0.03210000000000046,0.004430549999999478
2,2026-06-10T20:52:50.306Z,SKYAIUSDT,add,+a-b,30,buy,sell,21.0,29.0,8.0,8.0,-21.0,-29.0,0.18486,0.18523,0.18625,0.18559,0.011100000000000276,0.019799999999999818,0.030900000000000094,0.005237700000000345
3,2026-06-10T20:53:40.566Z,SKYAIUSDT,add,+a-b,30,buy,sell,21.0,22.0,1.0,1.0,-21.0,-22.0,0.18317,0.18308,0.18445,0.18351,-0.0027000000000002022,0.028199999999999892,0.02549999999999969,0.007401150000000634
4,2026-06-10T21:08:46.947Z,SKYAIUSDT,close,-a+b,30,sell,buy,5.0,11.0,6.0,6.0,-5.0,-11.0,0.1801,0.18194,0.17963,0.18273,-0.055199999999999416,0.09299999999999975,0.03780000000000033,-0.02917005000000028
5,2026-06-10T21:08:49.305Z,SKYAIUSDT,add,+a-b,30,buy,sell,4.0,11.0,7.0,7.0,-4.0,-11.0,0.18227,0.18257,0.18342,0.18294,0.009000000000000674,0.014400000000000246,0.02340000000000092,0.005617349999999632
6,2026-06-10T21:08:50.955Z,BLESSUSDT,open,+a-b,900,buy,sell,5.0,7.0,2.0,2.0,-5.0,-7.0,0.005763,0.005775,0.005794,0.005769,0.010799999999999872,0.022499999999999864,0.03329999999999973,-0.010594799999999793
7,2026-06-10T21:11:43.385Z,SKYAIUSDT,add,+a-b,30,buy,sell,36.0,37.0,1.0,1.0,-36.0,-37.0,0.17895,0.17858,0.18023,0.17912,-0.011100000000000276,0.033299999999999996,0.02219999999999972,0.010834499999999636
8,2026-06-10T21:14:07.320Z,WLDUSDT,open,+a-b,12,buy,sell,24.0,38.0,14.0,14.0,-24.0,-38.0,0.4308,0.4293,0.4333,0.4292,-0.018000000000000016,0.04919999999999991,0.031199999999999894,-0.0063509999999995514
9,2026-06-10T21:26:42.864Z,BLESSUSDT,close,-a+b,900,sell,buy,15.0,21.0,6.0,6.0,-15.0,-21.0,0.00567,0.005673,0.005659,0.005667,-0.0027000000000003584,0.007200000000000175,0.004499999999999817,0.0006972000000002865
10,2026-06-10T22:00:02.536Z,BTWUSDT,open,-a+b,100,sell,buy,4.0,5.0,1.0,1.0,-4.0,-5.0,0.07361,0.07366,0.073202,0.073802,-0.005000000000000837,0.06000000000000033,0.054999999999999494,-0.021573100000000345
11,2026-06-10T22:27:09.533Z,BTWUSDT,close,+a-b,100,buy,sell,4.0,14.0,10.0,10.0,-4.0,-14.0,0.06885,0.06878,0.069129,0.068364,-0.007000000000000062,0.07650000000000018,0.06950000000000012,-0.04845720000000053
12,2026-06-10T22:27:16.810Z,BTWUSDT,add,+a-b,100,buy,sell,3.0,10.0,7.0,7.0,-3.0,-10.0,0.06748,0.0672938,0.067854,0.067231,-0.018619999999999748,0.062299999999999855,0.04368000000000011,-0.013006230000001118
13,2026-06-10T22:27:18.872Z,BTWUSDT,close,-a+b,100,sell,buy,3.0,3.0,0.0,0.0,-3.0,-3.0,0.067,0.06704,0.066872,0.066912,-0.003999999999999837,0.003999999999999837,0.0,0.006102399999999619
14,2026-06-10T22:27:48.382Z,BTWUSDT,add,-a+b,100,sell,buy,4.0,11.0,7.0,7.0,-4.0,-11.0,0.06666,0.0664,0.066237,0.06659,0.025999999999999635,0.03529999999999922,0.061299999999998855,-0.02564950000000099
15,2026-06-10T22:28:46.278Z,BTWUSDT,close,+a-b,100,buy,sell,20.0,44.0,24.0,24.0,-20.0,-44.0,0.06685,0.067,0.067207,0.066851,0.014999999999999736,0.03560000000000091,0.050600000000000644,-0.021592550000001154
16,2026-06-10T22:38:32.461Z,BTWUSDT,open,-a+b,100,sell,buy,42.0,42.0,0.0,0.0,-42.0,-42.0,0.05914,0.0576,0.058645,0.057723,0.15399999999999997,-0.09220000000000061,0.061799999999999355,-0.018066150000000114
17,2026-06-10T22:40:30.271Z,BTWUSDT,close,+a-b,100,buy,sell,20.0,32.0,12.0,12.0,-20.0,-32.0,0.05471,0.05479,0.054985,0.054484,0.007999999999999674,0.050100000000000144,0.05809999999999982,-0.03606370000000059
18,2026-06-10T23:20:21.356Z,WLDUSDT,close,-a+b,12,sell,buy,25.0,25.0,0.0,0.0,-25.0,-25.0,0.4418,0.4408,0.441,0.4407,0.01200000000000001,-0.0036000000000002697,0.008399999999999741,-0.004088999999998677
19,2026-06-10T23:27:05.959Z,BTWUSDT,open,-a+b,100,sell,buy,18.0,26.0,8.0,8.0,-18.0,-26.0,0.06133,0.06131,0.060976,0.061181,0.0019999999999999185,0.020499999999999685,0.022499999999999604,0.006775450000000127
20,2026-06-10T23:27:21.459Z,BTWUSDT,add,-a+b,100,sell,buy,5.0,11.0,6.0,6.0,-5.0,-11.0,0.06338,0.0632284,0.063018,0.063223,0.015160000000000173,0.020499999999999685,0.03565999999999986,-0.005782570000000042
21,2026-06-10T23:27:42.299Z,BTWUSDT,add,-a+b,100,sell,buy,16.0,18.0,2.0,2.0,-16.0,-18.0,0.06563,0.06552,0.065156,0.065429,0.010999999999999899,0.027299999999999547,0.038299999999999446,0.0025525499999998758
22,2026-06-10T23:28:18.980Z,BTWUSDT,add,-a+b,100,sell,buy,16.0,26.0,10.0,10.0,-16.0,-26.0,0.0661,0.06625,0.065701,0.066321,-0.014999999999999736,0.06200000000000094,0.04700000000000121,-0.013728549999999728
23,2026-06-10T23:28:21.466Z,BTWUSDT,add,-a+b,100,sell,buy,2.0,6.0,4.0,4.0,-2.0,-6.0,0.06716,0.0673528,0.066648,0.067389,-0.019280000000000685,0.07410000000000055,0.05481999999999987,-0.010357080000000352
24,2026-06-10T23:30:32.963Z,BTWUSDT,close,+a-b,100,buy,sell,11.0,20.0,9.0,9.0,-11.0,-20.0,0.0763,0.0765026,0.076491,0.076165,0.020259999999999723,0.032600000000000684,0.05286000000000041,-0.0413933799999997
25,2026-06-10T23:30:34.939Z,BTWUSDT,close,+a-b,100,buy,sell,2.0,9.0,7.0,7.0,-2.0,-9.0,0.07591,0.07608,0.076082,0.07572,0.01699999999999896,0.03620000000000012,0.05319999999999908,-0.04359000000000002
26,2026-06-10T23:30:55.551Z,BTWUSDT,add,-a+b,100,sell,buy,6.0,6.0,0.0,0.0,-6.0,-6.0,0.07352,0.07348,0.073074,0.073414,0.003999999999999837,0.03399999999999931,0.037999999999999146,-0.0007446999999993764
27,2026-06-10T23:32:12.564Z,BTWUSDT,add,-a+b,100,sell,buy,16.0,168.0,152.0,152.0,-16.0,-168.0,0.07207,0.07203,0.071655,0.071956,0.003999999999999837,0.03010000000000096,0.034100000000000796,0.00020070999999965977
28,2026-06-10T23:39:25.705Z,BTWUSDT,close,+a-b,100,buy,sell,3.0,10.0,7.0,7.0,-3.0,-10.0,0.07576,0.0758713,0.076119,0.075578,0.011130000000000861,0.05409999999999998,0.06523000000000084,-0.0369024600000003
29,2026-06-10T23:48:18.594Z,WLDUSDT,open,-a+b,12,sell,buy,56.0,58.0,2.0,2.0,-56.0,-58.0,0.4489,0.4486,0.4467,0.4493,0.0036000000000002697,0.031199999999999894,0.034800000000000164,-0.013787399999999117
30,2026-06-10T23:55:52.820Z,BTWUSDT,close,+a-b,100,buy,sell,15.0,17.0,2.0,2.0,-15.0,-17.0,0.08448,0.08458,0.084645,0.084266,0.010000000000000286,0.03790000000000043,0.04790000000000072,-0.039842300000001885
31,2026-06-10T23:57:20.459Z,BTWUSDT,add,-a+b,100,sell,buy,5.0,2.0,3.0,-3.0,-5.0,-2.0,0.08669,0.08596,0.086212,0.086014,0.07300000000000084,-0.019800000000000373,0.05320000000000047,-0.013998700000000142
32,2026-06-10T23:57:32.694Z,BTWUSDT,close,+a-b,100,buy,sell,12.0,13.0,1.0,1.0,-12.0,-13.0,0.08447,0.08458,0.084687,0.084394,0.010999999999999899,0.02930000000000016,0.04030000000000006,-0.027048700000001702
33,2026-06-11T00:20:03.561Z,BTWUSDT,add,-a+b,100,sell,buy,3.0,12.0,9.0,9.0,-3.0,-12.0,0.09252,0.09287,0.092,0.092614,-0.03499999999999892,0.06140000000000034,0.026400000000001422,0.016325800000000612
34,2026-06-11T00:33:31.710Z,BTWUSDT,close,+a-b,100,buy,sell,26.0,31.0,5.0,5.0,-26.0,-31.0,0.08668,0.0862152,0.086869,0.085923,-0.046479999999998745,0.09460000000000024,0.048120000000001495,-0.037826909999999714
35,2026-06-11T00:33:43.970Z,BTWUSDT,close,+a-b,100,buy,sell,30.0,94.0,64.0,64.0,-30.0,-94.0,0.08869,0.08881,0.089001,0.088799,0.011999999999999511,0.020199999999999385,0.032199999999998896,-0.009980439999999646
36,2026-06-11T00:33:50.690Z,BTWUSDT,close,+a-b,100,buy,sell,2.0,1.0,1.0,-1.0,-2.0,-1.0,0.0901,0.09022,0.090286,0.090126,0.011999999999999511,0.016000000000000736,0.028000000000000247,-0.01841730000000119
37,2026-06-11T00:33:54.362Z,BTWUSDT,close,+a-b,100,buy,sell,8.0,9.0,1.0,1.0,-8.0,-9.0,0.08964,0.0897,0.089818,0.089578,0.006000000000000449,0.023999999999999022,0.02999999999999947,-0.021163900000001235
38,2026-06-11T00:42:05.727Z,BTWUSDT,open,+a-b,100,buy,sell,9.0,13.0,4.0,4.0,-9.0,-13.0,0.08264,0.08312,0.083109,0.083454,0.04799999999999943,-0.03449999999999981,0.013499999999999623,0.025071300000000463
39,2026-06-11T00:43:21.395Z,BTWUSDT,close,-a+b,100,sell,buy,3.0,5.0,2.0,2.0,-3.0,-5.0,0.08644,0.0865148,0.086279,0.086502,-0.007479999999999987,0.022300000000000098,0.01482000000000011,-0.007370840000001877
40,2026-06-11T01:25:27.582Z,BTWUSDT,open,+a-b,100,buy,sell,19.0,27.0,8.0,8.0,-19.0,-27.0,0.079,0.07768,0.079435,0.077098,-0.13200000000000017,0.23370000000000057,0.1017000000000004,-0.0659389000000008
41,2026-06-11T01:25:28.981Z,BTWUSDT,close,-a+b,100,sell,buy,13.0,1.0,12.0,-12.0,-13.0,-1.0,0.07797,0.07723,0.077642,0.077636,0.07400000000000045,-0.0006000000000006,0.07339999999999985,-0.04834329000000093
42,2026-06-11T01:30:26.237Z,BTWUSDT,open,-a+b,100,sell,buy,5.0,5.0,0.0,0.0,-5.0,-5.0,0.07131,0.0712,0.070826,0.071041,0.010999999999999899,0.021500000000000685,0.032500000000000584,0.008787949999999434
43,2026-06-11T01:30:33.529Z,BTWUSDT,add,-a+b,100,sell,buy,35.0,2.0,33.0,-33.0,-35.0,-2.0,0.07097,0.07061,0.070533,0.070765,0.03599999999999992,0.02319999999999961,0.05919999999999953,-0.022568749999999582
44,2026-06-11T01:30:56.689Z,BTWUSDT,close,+a-b,100,buy,sell,8.0,17.0,9.0,9.0,-8.0,-17.0,0.07082,0.0709128,0.070971,0.070507,0.009280000000000399,0.04640000000000061,0.055680000000001006,-0.04765098000000023
45,2026-06-11T01:30:58.398Z,BTWUSDT,add,-a+b,100,sell,buy,3.0,6.0,3.0,3.0,-3.0,-6.0,0.07061,0.0704974,0.070176,0.070338,0.011260000000000436,0.016199999999999548,0.027459999999999984,0.008898240000000612
46,2026-06-11T01:38:04.779Z,BTWUSDT,add,-a+b,100,sell,buy,6.0,8.0,2.0,2.0,-6.0,-8.0,0.07688,0.0765174,0.076255,0.076696,0.03626000000000046,0.044099999999999695,0.08036000000000015,-0.02552066999999969
47,2026-06-11T01:39:02.606Z,BTWUSDT,close,+a-b,100,buy,sell,10.0,7.0,3.0,-3.0,-10.0,-7.0,0.07947,0.079559,0.079663,0.079218,0.008900000000000574,0.044500000000000095,0.05340000000000067,-0.04203885000000085
48,2026-06-11T01:39:57.452Z,BTWUSDT,add,-a+b,100,sell,buy,19.0,23.0,4.0,4.0,-19.0,-23.0,0.08086,0.081386,0.080275,0.08127,-0.05259999999999987,0.09949999999999959,0.04689999999999972,0.003467200000001114
49,2026-06-11T02:20:40.915Z,SKYAIUSDT,add,+a-b,30,buy,sell,16.0,24.0,8.0,8.0,-16.0,-24.0,0.18487,0.18507,0.18628,0.1856,0.006000000000000172,0.020400000000000418,0.02640000000000059,0.010339949999999654
50,2026-06-11T02:46:02.533Z,BTWUSDT,close,+a-b,100,buy,sell,19.0,27.0,8.0,8.0,-19.0,-27.0,0.07538,0.07497,0.075626,0.074557,-0.04100000000000076,0.10690000000000005,0.06589999999999929,-0.0487763499999998
51,2026-06-11T02:48:22.257Z,HOMEUSDT,open,+a-b,200,buy,sell,17.0,17.0,0.0,0.0,-17.0,-17.0,0.03431,0.0343,0.03451,0.03431,-0.0020000000000006124,0.03999999999999976,0.037999999999999146,-0.004860999999999116
52,2026-06-11T03:50:06.593Z,WLDUSDT,close,+a-b,11,buy,sell,3.0,11.0,8.0,8.0,-3.0,-11.0,0.4688,0.4683,0.4701,0.4679,-0.005500000000000005,0.024200000000000388,0.018700000000000383,-0.009549100000000088
53,2026-06-11T04:00:34.790Z,BTWUSDT,close,+a-b,100,buy,sell,75.0,77.0,2.0,2.0,-75.0,-77.0,0.07073,0.07068,0.070989,0.070801,-0.004999999999999449,0.018799999999999373,0.013799999999999923,0.005025950000000279
54,2026-06-11T04:08:12.730Z,WLDUSDT,close,+a-b,1,buy,sell,17.0,23.0,6.0,6.0,-17.0,-23.0,0.4673,0.4628,0.4696,0.4628,-0.004500000000000004,0.006800000000000028,0.0023000000000000242,-0.00046279999999998545
55,2026-06-11T05:26:16.729Z,BTWUSDT,close,+a-b,100,buy,sell,4.0,5.0,1.0,1.0,-4.0,-5.0,0.06686,0.06706,0.067097,0.067086,0.019999999999999185,0.0010999999999997123,0.021099999999998897,-0.00410729999999937
56,2026-06-11T05:28:08.488Z,SKYAIUSDT,close,-a+b,30,sell,buy,43.0,76.0,33.0,33.0,-43.0,-76.0,0.18387,0.18431,0.18284,0.18489,-0.013199999999999878,0.06149999999999989,0.04830000000000001,-0.022937999999999015
57,2026-06-11T06:03:26.172Z,HOMEUSDT,add,+a-b,200,buy,sell,18.0,27.0,9.0,9.0,-18.0,-27.0,0.03475,0.03477,0.035,0.03481,0.003999999999999837,0.03800000000000053,0.04200000000000037,0.0010419999999999874
58,2026-06-11T06:36:28.572Z,EPICUSDT,open,-a+b,12,sell,buy,22.0,152.0,130.0,130.0,-22.0,-152.0,0.5474,0.5502,0.5454,0.5509,-0.033600000000000296,0.06599999999999939,0.032399999999999096,-0.015006599999999537
59,2026-06-11T06:45:42.316Z,EPICUSDT,close,+a-b,12,buy,sell,535.0,54.0,481.0,-481.0,-535.0,-54.0,0.542,0.5420217,0.5433,0.5433,0.0002604000000001605,0.0,0.0002604000000001605,0.008828069999999855
60,2026-06-11T07:10:21.619Z,HOMEUSDT,close,-a+b,200,sell,buy,19.0,27.0,8.0,8.0,-19.0,-27.0,0.03786,0.03782,0.03777,0.03792,0.007999999999999674,0.03000000000000086,0.03800000000000053,-0.02757400000000043
61,2026-06-11T07:34:23.301Z,HOMEUSDT,add,+a-b,200,buy,sell,17.0,21.0,4.0,4.0,-17.0,-21.0,0.03671,0.03674,0.03696,0.03686,0.006000000000000449,0.020000000000000573,0.026000000000001022,0.01663999999999799
62,2026-06-11T08:44:59.402Z,SKYAIUSDT,close,-a+b,30,sell,buy,20.0,27.0,7.0,7.0,-20.0,-27.0,0.19321,0.19315,0.19252,0.1936,0.0018000000000001348,0.03239999999999993,0.034200000000000064,-0.019301249999999825
63,2026-06-11T08:57:52.403Z,SKYAIUSDT,close,-a+b,30,sell,buy,21.0,26.0,5.0,5.0,-21.0,-26.0,0.21034,0.21153,0.20967,0.21222,-0.0356999999999999,0.0764999999999999,0.0408,-0.0271562999999988
64,2026-06-11T09:00:40.696Z,SKYAIUSDT,close,-a+b,30,sell,buy,13.0,13.0,0.0,0.0,-13.0,-13.0,0.20767,0.2074,0.20688,0.20782,0.008099999999999774,0.028199999999999892,0.036299999999999666,-0.01882830000000002
65,2026-06-11T09:01:08.919Z,SKYAIUSDT,close,-a+b,30,sell,buy,30.0,33.0,3.0,3.0,-30.0,-33.0,0.21335,0.21301,0.21289,0.21348,0.010200000000000209,0.017700000000000216,0.027900000000000424,-0.020497349999999415
66,2026-06-11T09:01:39.020Z,SKYAIUSDT,add,-a+b,30,sell,buy,18.0,41.0,23.0,23.0,-18.0,-41.0,0.21467,0.21471,0.21335,0.21527,-0.0012000000000003674,0.05759999999999932,0.05639999999999895,-0.02324970000000004
67,2026-06-11T09:02:13.391Z,SKYAIUSDT,add,-a+b,30,sell,buy,26.0,29.0,3.0,3.0,-26.0,-29.0,0.21691,0.21643,0.21611,0.21664,0.014399999999999413,0.01590000000000008,0.030299999999999494,-0.012796050000000392
68,2026-06-11T09:05:44.395Z,SKYAIUSDT,close,+a-b,30,buy,sell,19.0,23.0,4.0,4.0,-19.0,-23.0,0.21672,0.21679,0.2176,0.21682,0.002100000000000435,0.023399999999999255,0.02549999999999969,-0.005604149999999919
69,2026-06-11T09:07:48.291Z,HOMEUSDT,close,-a+b,200,sell,buy,18.0,19.0,1.0,1.0,-18.0,-19.0,0.03271,0.03273,0.03256,0.03279,-0.003999999999999837,0.04600000000000021,0.04200000000000037,-0.01855199000000063
70,2026-06-11T09:37:57.489Z,HOMEUSDT,add,+a-b,200,buy,sell,18.0,27.0,9.0,9.0,-18.0,-27.0,0.03565,0.03553,0.03588,0.03564,-0.02400000000000041,0.04800000000000082,0.02400000000000041,0.014882999999999313
71,2026-06-11T10:01:57.714Z,SKYAIUSDT,close,+a-b,30,buy,sell,19.0,21.0,2.0,2.0,-19.0,-21.0,0.21732,0.21777,0.21811,0.21779,0.013499999999999346,0.009599999999999609,0.023099999999998955,-0.005933399999999978
72,2026-06-11T10:40:48.786Z,EPICUSDT,open,-a+b,12,sell,buy,20.0,26.0,6.0,6.0,-20.0,-26.0,0.6061,0.6111,0.6026,0.6128,-0.06000000000000005,0.12239999999999984,0.06239999999999979,-0.027743400000000307
73,2026-06-11T10:41:14.332Z,EPICUSDT,close,+a-b,12,buy,sell,21.0,23.0,2.0,2.0,-21.0,-23.0,0.6076,0.6052,0.6098,0.6054,-0.028800000000000825,0.052799999999999514,0.02399999999999869,-0.004863599999999302
74,2026-06-11T10:45:35.363Z,BTWUSDT,open,+a-b,100,buy,sell,18.0,26.0,8.0,8.0,-18.0,-26.0,0.08961,0.0895874,0.090177,0.089563,-0.002259999999999762,0.061399999999998955,0.05913999999999919,-0.011397519999999162
75,2026-06-11T10:51:29.609Z,BTWUSDT,close,-a+b,100,sell,buy,17.0,19.0,2.0,2.0,-17.0,-19.0,0.08617,0.08538,0.085984,0.085403,0.0789999999999999,-0.05809999999999982,0.020900000000000085,-0.010839150000000686
76,2026-06-11T10:59:16.722Z,BTWUSDT,open,+a-b,100,buy,sell,18.0,26.0,8.0,8.0,-18.0,-26.0,0.08113,0.0814,0.081705,0.081454,0.027000000000000635,0.025100000000000122,0.05210000000000076,-0.002742700000000653
77,2026-06-11T10:59:40.644Z,BTWUSDT,add,+a-b,100,buy,sell,14.0,15.0,1.0,1.0,-14.0,-15.0,0.08179,0.0819562,0.082531,0.081742,0.016620000000000523,0.0788999999999998,0.09552000000000033,-0.02960490000000071
78,2026-06-11T11:22:49.591Z,SKYAIUSDT,open,+a-b,30,buy,sell,39.0,47.0,8.0,8.0,-39.0,-47.0,0.229,0.22931,0.23118,0.22864,0.009300000000000141,0.0761999999999996,0.08549999999999974,-0.026969249999998723
79,2026-06-11T11:44:33.509Z,EPICUSDT,open,-a+b,12,sell,buy,29.0,37.0,8.0,8.0,-29.0,-37.0,0.6143,0.6158,0.6104,0.6181,-0.018000000000000682,0.09239999999999915,0.07439999999999847,-0.03500339999999991
80,2026-06-11T11:44:36.721Z,EPICUSDT,close,+a-b,12,buy,sell,1.0,9.0,8.0,8.0,-1.0,-9.0,0.6144,0.6141,0.6157,0.6149,-0.0035999999999996035,0.009600000000000275,0.0060000000000006715,0.0022260000000002833
81,2026-06-11T12:22:38.586Z,BTWUSDT,close,-a+b,100,sell,buy,13.0,132.0,119.0,119.0,-13.0,-132.0,0.09016,0.09015,0.08996,0.089959,0.001000000000001,-0.00010000000000010001,0.0009000000000009001,0.01009455000000159
82,2026-06-11T12:27:28.819Z,BTWUSDT,close,-a+b,100,sell,buy,13.0,33.0,20.0,20.0,-13.0,-33.0,0.09043,0.09042,0.090244,0.090314,0.0009999999999996123,0.007000000000000062,0.007999999999999674,0.0015632999999972697
83,2026-06-11T12:55:36.584Z,BTWUSDT,open,+a-b,100,buy,sell,17.0,25.0,8.0,8.0,-17.0,-25.0,0.09492,0.0948638,0.095634,0.094968,-0.0056200000000006245,0.06659999999999999,0.06097999999999937,0.0009284100000002127
84,2026-06-11T13:17:44.496Z,BTWUSDT,close,-a+b,100,sell,buy,3.0,3.0,0.0,0.0,-3.0,-3.0,0.09246,0.092479,0.092209,0.092546,-0.0019000000000005124,0.033700000000000396,0.031799999999999884,-0.01595124999999875
85,2026-06-11T13:32:40.422Z,EPICUSDT,open,-a+b,12,sell,buy,8.0,17.0,9.0,9.0,-8.0,-17.0,0.6515,0.6551,0.6482,0.6552,-0.04320000000000057,0.08400000000000007,0.0407999999999995,-0.009061800000000453
86,2026-06-11T13:32:45.490Z,EPICUSDT,close,+a-b,12,buy,sell,3.0,37.0,34.0,34.0,-3.0,-37.0,0.6588,0.6584,0.6606,0.6596,-0.004800000000000804,0.01200000000000001,0.007199999999999207,0.00649199999999972
87,2026-06-11T13:45:34.585Z,BTWUSDT,open,-a+b,100,sell,buy,13.0,40.0,27.0,27.0,-13.0,-40.0,0.09345,0.09327,0.092696,0.093323,0.01799999999999996,0.06270000000000026,0.08070000000000022,-0.014629649999999828
88,2026-06-11T13:45:35.920Z,BTWUSDT,close,+a-b,100,buy,sell,8.0,38.0,30.0,30.0,-8.0,-38.0,0.09313,0.09316,0.093302,0.093117,0.0030000000000002247,0.018499999999999073,0.021499999999999297,-0.013613850000000483
89,2026-06-11T13:45:51.890Z,BTWUSDT,add,+a-b,100,buy,sell,21.0,26.0,5.0,5.0,-21.0,-26.0,0.09306,0.0927946,0.09361,0.092985,-0.026539999999999897,0.06250000000000006,0.03596000000000016,0.009751030000000327
90,2026-06-11T14:08:50.358Z,BTWUSDT,open,+a-b,100,buy,sell,18.0,25.0,7.0,7.0,-18.0,-25.0,0.08554,0.0854036,0.08617,0.085471,-0.013640000000000874,0.06989999999999913,0.056259999999998256,-0.0018037300000006695
91,2026-06-11T14:42:15.550Z,BTWUSDT,close,-a+b,100,sell,buy,18.0,359.0,341.0,341.0,-18.0,-359.0,0.0833,0.08362,0.083092,0.083661,-0.032000000000000084,0.056900000000000006,0.024899999999999922,-0.01246405000000017
92,2026-06-11T15:53:42.951Z,SKYAIUSDT,add,+a-b,30,buy,sell,15.0,20.0,5.0,5.0,-15.0,-20.0,0.22823,0.22681,0.23033,0.22683,-0.042599999999999305,0.1050000000000001,0.06240000000000079,-0.006204600000000227
93,2026-06-11T16:04:16.942Z,SKYAIUSDT,add,+a-b,30,buy,sell,19.0,35.0,16.0,16.0,-19.0,-35.0,0.2252,0.22605,0.22683,0.22628,0.02549999999999969,0.016499999999999848,0.04199999999999954,0.00011504999999978338
94,2026-06-11T17:20:52.973Z,EPICUSDT,open,+a-b,12,buy,sell,18.0,24.0,6.0,6.0,-18.0,-24.0,0.6904,0.6904,0.6957,0.6916,0.0,0.04919999999999991,0.04919999999999991,0.006107999999999336
95,2026-06-11T17:46:02.660Z,BTWUSDT,open,+a-b,100,buy,sell,27.0,35.0,8.0,8.0,-27.0,-35.0,0.08141,0.08168,0.081983,0.0816,0.027000000000000635,0.038299999999999446,0.06530000000000008,-0.016163999999999845
96,2026-06-11T18:24:30.412Z,BTWUSDT,close,-a+b,100,sell,buy,15.0,20.0,5.0,5.0,-15.0,-20.0,0.07597,0.07595,0.075823,0.075983,0.0019999999999992246,0.015999999999999348,0.017999999999998573,-0.010896649999999397
97,2026-06-11T19:58:49.465Z,SKYAIUSDT,add,+a-b,30,buy,sell,22.0,30.0,8.0,8.0,-22.0,-30.0,0.24966,0.25012,0.25178,0.25001,0.013800000000000479,0.053099999999999814,0.06690000000000029,-0.010801949999999394
98,2026-06-11T20:33:17.104Z,HOMEUSDT,add,+a-b,200,buy,sell,22.0,30.0,8.0,8.0,-22.0,-30.0,0.03015,0.03015,0.03038,0.03027,0.0,0.02200000000000049,0.02200000000000049,0.01795801000000008
99,2026-06-11T20:33:28.575Z,HOMEUSDT,add,+a-b,200,buy,sell,25.0,33.0,8.0,8.0,-25.0,-33.0,0.02997,0.02994,0.0302,0.03008,-0.0059999999999997555,0.02400000000000041,0.018000000000000654,0.021997999999999962
100,2026-06-11T23:45:08.590Z,SKYAIUSDT,close,-a+b,30,sell,buy,38.0,40.0,2.0,2.0,-38.0,-40.0,0.25398,0.253014,0.25326,0.25319,0.028979999999999007,-0.0020999999999987695,0.026880000000000237,-0.012873060000000436
101,2026-06-11T23:45:17.400Z,SKYAIUSDT,close,-a+b,30,sell,buy,38.0,2.0,36.0,-36.0,-38.0,-2.0,0.2547,0.25462,0.25386,0.25487,0.0023999999999990695,0.030300000000000327,0.032699999999999396,-0.015142349999999638
102,2026-06-11T23:45:27.401Z,SKYAIUSDT,close,-a+b,30,sell,buy,3.0,3.0,0.0,0.0,-3.0,-3.0,0.25593,0.25593,0.2554,0.25602,0.0,0.018600000000000283,0.018600000000000283,-0.010379249999999729
103,2026-06-12T02:11:03.988Z,SKYAIUSDT,close,-a+b,30,sell,buy,24.0,27.0,3.0,3.0,-24.0,-27.0,0.27478,0.27418,0.27424,0.27475,0.018000000000001348,0.015300000000000313,0.03330000000000166,-0.02533395000000027
104,2026-06-12T02:24:14.640Z,EPICUSDT,add,+a-b,12,buy,sell,22.0,27.0,5.0,5.0,-22.0,-27.0,0.6707,0.6707,0.6765,0.6733,0.0,0.03839999999999977,0.03839999999999977,0.023135999999999157
105,2026-06-12T02:31:24.005Z,EPICUSDT,add,+a-b,12,buy,sell,18.0,21.0,3.0,3.0,-18.0,-21.0,0.6764,0.6752,0.6829,0.6793,-0.014399999999999746,0.04319999999999924,0.028799999999999493,0.041073009999999854
106,2026-06-12T02:41:08.468Z,EPICUSDT,add,+a-b,12,buy,sell,14.0,16.0,2.0,2.0,-14.0,-16.0,0.68,0.6805,0.6853,0.6845,0.005999999999999339,0.009600000000000275,0.015599999999999614,0.03981000000000101
107,2026-06-12T02:45:16.643Z,EPICUSDT,close,-a+b,12,sell,buy,37.0,37.0,0.0,0.0,-37.0,-37.0,0.6896,0.6863,0.6883,0.6883,0.039599999999999635,0.0,0.039599999999999635,-0.03224759000000077
108,2026-06-12T04:08:29.470Z,SKYAIUSDT,open,+a-b,30,buy,sell,19.0,25.0,6.0,6.0,-19.0,-25.0,0.26659,0.26634,0.26897,0.2664,-0.007499999999999174,0.07709999999999884,0.06959999999999966,-0.0061910899999988445
109,2026-06-12T04:14:43.975Z,SKYAIUSDT,close,-a+b,30,sell,buy,16.0,19.0,3.0,3.0,-16.0,-19.0,0.27368,0.27336,0.27289,0.27393,0.009599999999999609,0.03119999999999956,0.04079999999999917,-0.025309339999999736
110,2026-06-12T04:50:45.893Z,EPICUSDT,close,-a+b,12,sell,buy,6.0,7.0,1.0,1.0,-6.0,-7.0,0.6036,0.6026,0.6025,0.6026,0.01200000000000001,0.0011999999999998678,0.013199999999999878,-0.00723119999999966
111,2026-06-12T04:50:47.535Z,EPICUSDT,close,-a+b,12,sell,buy,10.0,1.0,9.0,-9.0,-10.0,-1.0,0.5958,0.5955,0.5946,0.5954,0.0035999999999996035,0.009600000000000275,0.013199999999999878,-0.005945400000000767
112,2026-06-12T04:50:51.974Z,EPICUSDT,close,-a+b,12,sell,buy,8.0,10.0,2.0,2.0,-8.0,-10.0,0.5714,0.5692,0.5702,0.5696,0.026399999999999757,-0.007200000000000539,0.019199999999999218,-0.01163280000000011
113,2026-06-12T04:51:01.900Z,EPICUSDT,add,-a+b,12,sell,buy,15.0,24.0,9.0,9.0,-15.0,-24.0,0.56,0.559155,0.5567,0.5591,0.010140000000001148,0.028800000000000825,0.03894000000000197,-0.006049530000000303
114,2026-06-12T04:51:05.481Z,EPICUSDT,close,+a-b,12,buy,sell,5.0,6.0,1.0,1.0,-5.0,-6.0,0.5217,0.52047,0.5239,0.5205,-0.014760000000000773,0.040800000000000836,0.026040000000000063,-0.005885820000001374
115,2026-06-12T04:51:34.517Z,EPICUSDT,add,+a-b,12,buy,sell,3.0,8.0,5.0,5.0,-3.0,-8.0,0.563,0.567,0.5693,0.5639,0.04800000000000004,0.06480000000000086,0.1128000000000009,-0.043985400000000396
116,2026-06-12T04:52:05.429Z,EPICUSDT,close,-a+b,12,sell,buy,15.0,23.0,8.0,8.0,-15.0,-23.0,0.563,0.5614,0.5614,0.5635,0.019199999999999218,0.02519999999999989,0.04439999999999911,-0.03194940000000113
117,2026-06-12T04:52:22.735Z,EPICUSDT,add,-a+b,12,sell,buy,17.0,22.0,5.0,5.0,-17.0,-22.0,0.5764,0.5757,0.5746,0.5748,0.008400000000000407,0.0023999999999997357,0.010800000000000143,0.0038970000000002614
118,2026-06-12T04:52:26.863Z,EPICUSDT,add,-a+b,12,sell,buy,3.0,9.0,6.0,6.0,-3.0,-9.0,0.5758,0.5761,0.574,0.5744,-0.0035999999999996035,0.004800000000000804,0.0012000000000012,0.013497000000000092
119,2026-06-12T04:52:32.514Z,EPICUSDT,add,-a+b,12,sell,buy,4.0,8.0,4.0,4.0,-4.0,-8.0,0.572,0.5722,0.5701,0.5706,-0.002400000000001068,0.005999999999999339,0.0035999999999982712,0.01234320000000011
120,2026-06-12T04:52:33.790Z,EPICUSDT,add,-a+b,12,sell,buy,2.0,3.0,1.0,1.0,-2.0,-3.0,0.5679,0.5679,0.5661,0.5662,0.0,0.0011999999999998678,0.0011999999999998678,0.013595399999998925
121,2026-06-12T04:52:39.955Z,EPICUSDT,add,-a+b,12,sell,buy,2.0,5.0,3.0,3.0,-2.0,-5.0,0.5679,0.5681,0.5661,0.5661,-0.002400000000001068,0.0,-0.002400000000001068,0.017194799999998622
122,2026-06-12T04:52:42.961Z,EPICUSDT,add,-a+b,12,sell,buy,2.0,9.0,7.0,7.0,-2.0,-9.0,0.5703,0.569975,0.5685,0.5685,0.0039000000000002366,0.0,0.0039000000000002366,0.01086914999999955
123,2026-06-12T04:52:51.979Z,EPICUSDT,close,+a-b,12,buy,sell,2.0,4.0,2.0,2.0,-2.0,-4.0,0.5574,0.562,0.56,0.56,0.05520000000000058,0.0,0.05520000000000058,-0.03073199999999865
124,2026-06-12T04:52:57.803Z,EPICUSDT,add,-a+b,12,sell,buy,1.0,9.0,8.0,8.0,-1.0,-9.0,0.5465,0.5466,0.5448,0.5448,-0.0011999999999998678,0.0,-0.0011999999999998678,0.015051600000000498
125,2026-06-12T04:53:01.894Z,EPICUSDT,close,+a-b,12,buy,sell,3.0,32.0,29.0,29.0,-3.0,-32.0,0.5293,0.5288,0.5311,0.5284,-0.005999999999999339,0.03240000000000043,0.02640000000000109,-0.011143200000000242
126,2026-06-12T04:53:17.549Z,EPICUSDT,close,+a-b,12,buy,sell,4.0,11.0,7.0,7.0,-4.0,-11.0,0.5231,0.5239,0.5248,0.5248,0.009600000000000275,0.0,0.009600000000000275,0.004507800000000728
127,2026-06-12T04:53:24.704Z,EPICUSDT,close,+a-b,12,buy,sell,2.0,5.0,3.0,3.0,-2.0,-5.0,0.5359,0.5356,0.5376,0.5363,-0.003600000000000936,0.015599999999999614,0.011999999999998678,0.001968600000000542
128,2026-06-12T04:53:36.648Z,EPICUSDT,close,+a-b,12,buy,sell,4.0,10.0,6.0,6.0,-4.0,-10.0,0.5539,0.5528,0.5558,0.5532,-0.013199999999999878,0.03119999999999923,0.01799999999999935,-0.0018359999999999488
129,2026-06-12T04:53:40.679Z,EPICUSDT,close,+a-b,12,buy,sell,2.0,9.0,7.0,7.0,-2.0,-9.0,0.5622,0.5622,0.5641,0.5621,0.0,0.02400000000000002,0.02400000000000002,-0.007945799999999892
130,2026-06-12T04:53:41.848Z,EPICUSDT,close,+a-b,12,buy,sell,3.0,9.0,6.0,6.0,-3.0,-9.0,0.5675,0.5675,0.5693,0.5673,0.0,0.02400000000000002,0.02400000000000002,-0.009208799999998796
131,2026-06-12T04:58:06.482Z,EPICUSDT,open,-a+b,12,sell,buy,12.0,11.0,1.0,-1.0,-12.0,-11.0,0.5646,0.564575,0.5628,0.5652,0.0002999999999993008,0.028800000000000825,0.029100000000000126,-0.014278650000000503
132,2026-06-12T04:58:10.789Z,EPICUSDT,add,-a+b,12,sell,buy,10.0,15.0,5.0,5.0,-10.0,-15.0,0.5616,0.5619,0.5599,0.5607,-0.0035999999999996035,0.009600000000000275,0.0060000000000006715,0.007664400000000349
133,2026-06-12T04:58:12.788Z,EPICUSDT,add,-a+b,12,sell,buy,3.0,9.0,6.0,6.0,-3.0,-9.0,0.5655,0.5652,0.5637,0.5649,0.0035999999999996035,0.014399999999999746,0.01799999999999935,-0.0031805999999994228
134,2026-06-12T04:58:24.918Z,EPICUSDT,add,-a+b,12,sell,buy,18.0,25.0,7.0,7.0,-18.0,-25.0,0.5583,0.5592,0.5564,0.5578,-0.010800000000000143,0.016799999999999482,0.005999999999999339,0.010098000000000162
135,2026-06-12T04:58:26.609Z,EPICUSDT,add,-a+b,12,sell,buy,2.0,5.0,3.0,3.0,-2.0,-5.0,0.5551,0.5549533,0.5535,0.5545,0.0017604000000006614,0.01200000000000001,0.013760400000000672,-0.0012167199999995049
136,2026-06-12T04:58:29.798Z,EPICUSDT,add,-a+b,12,sell,buy,58.0,4.0,54.0,-54.0,-58.0,-4.0,0.5555,0.5555,0.5539,0.5543,0.0,0.004800000000000804,0.004800000000000804,0.007140900000002226
137,2026-06-12T04:58:40.004Z,EPICUSDT,add,-a+b,12,sell,buy,17.0,24.0,7.0,7.0,-17.0,-24.0,0.5537,0.5539,0.5508,0.5546,-0.0023999999999997357,0.04560000000000031,0.04320000000000057,-0.015051000000000592
138,2026-06-12T05:09:56.418Z,EPICUSDT,close,+a-b,12,buy,sell,5.0,11.0,6.0,6.0,-5.0,-11.0,0.5087,0.5097,0.5105,0.5053,0.01200000000000001,0.06239999999999979,0.0743999999999998,-0.05888999999999989
139,2026-06-12T05:13:42.499Z,EPICUSDT,close,+a-b,12,buy,sell,17.0,26.0,9.0,9.0,-17.0,-26.0,0.5232,0.5234,0.5252,0.524,0.0023999999999997357,0.014399999999999746,0.016799999999999482,0.0009155999999999054
140,2026-06-12T05:14:01.614Z,EPICUSDT,close,+a-b,12,buy,sell,9.0,9.0,0.0,0.0,-9.0,-9.0,0.5362,0.5384,0.538,0.5384,0.026399999999999757,-0.004799999999999471,0.021600000000000286,-0.006460799999999267
141,2026-06-12T05:14:02.816Z,EPICUSDT,close,+a-b,12,buy,sell,3.0,6.0,3.0,3.0,-3.0,-6.0,0.5399,0.5399,0.5416,0.5403,0.0,0.015599999999999614,0.015599999999999614,-0.0016811999999992722
142,2026-06-12T05:14:39.929Z,EPICUSDT,close,+a-b,12,buy,sell,17.0,19.0,2.0,2.0,-17.0,-19.0,0.5547,0.5555,0.5568,0.5544,0.009600000000000275,0.028799999999999493,0.03839999999999977,-0.01985939999999964
143,2026-06-12T05:15:01.896Z,EPICUSDT,add,-a+b,12,sell,buy,4.0,11.0,7.0,7.0,-4.0,-11.0,0.5669,0.5667,0.5652,0.5669,0.0023999999999997357,0.020399999999999086,0.02279999999999882,-0.009201589999999982
144,2026-06-12T05:16:01.823Z,EPICUSDT,add,-a+b,12,sell,buy,22.0,26.0,4.0,4.0,-22.0,-26.0,0.5649,0.5674,0.5628,0.5683,-0.030000000000000693,0.06600000000000072,0.03600000000000003,-0.01761420000000058
145,2026-06-12T05:16:25.421Z,EPICUSDT,add,-a+b,12,sell,buy,3.0,13.0,10.0,10.0,-3.0,-13.0,0.5496,0.5515,0.5473,0.552,-0.022800000000000153,0.05640000000000045,0.033600000000000296,-0.012621000000000215
146,2026-06-12T05:17:17.893Z,EPICUSDT,add,-a+b,12,sell,buy,4.0,5.0,1.0,1.0,-4.0,-5.0,0.541,0.5403,0.539,0.5398,0.008400000000000407,0.009599999999998943,0.01799999999999935,-0.0004805999999986099
147,2026-06-12T05:18:26.382Z,EPICUSDT,add,-a+b,12,sell,buy,9.0,10.0,1.0,1.0,-9.0,-10.0,0.5475,0.5479,0.5458,0.5473,-0.004800000000000804,0.018000000000000682,0.013199999999999878,0.0006287999999994298
148,2026-06-12T05:25:14.962Z,EPICUSDT,close,+a-b,12,buy,sell,14.0,26.0,12.0,12.0,-14.0,-26.0,0.598,0.5981,0.6007,0.5988,0.0011999999999998678,0.022800000000000153,0.02400000000000002,0.0012186000000005137
149,2026-06-12T05:36:24.279Z,EPICUSDT,close,+a-b,12,buy,sell,22.0,24.0,2.0,2.0,-22.0,-24.0,0.6241,0.6252,0.6275,0.6245,0.013199999999999878,0.0359999999999987,0.04919999999999858,-0.015898199999998752
150,2026-06-12T05:45:57.184Z,EPICUSDT,close,+a-b,12,buy,sell,17.0,25.0,8.0,8.0,-17.0,-25.0,0.6224,0.6226317,0.6244,0.6227,0.0027804000000006823,0.020399999999999086,0.023180399999999768,-0.006651979999999114
151,2026-06-12T05:46:21.613Z,EPICUSDT,close,+a-b,12,buy,sell,17.0,26.0,9.0,9.0,-17.0,-26.0,0.6312,0.632,0.6332,0.6329,0.009600000000000275,0.0035999999999996035,0.013199999999999878,0.0032106000000009516
152,2026-06-12T05:46:41.091Z,EPICUSDT,close,+a-b,12,buy,sell,16.0,18.0,2.0,2.0,-16.0,-18.0,0.6312,0.6322,0.6332,0.6335,0.01200000000000001,-0.0035999999999996035,0.008400000000000407,0.008005799999999397
153,2026-06-12T05:48:14.952Z,EPICUSDT,close,+a-b,12,buy,sell,510.0,2.0,508.0,-508.0,-510.0,-2.0,0.6332,0.6346333,0.637,0.6356,0.01719959999999965,0.016799999999999482,0.03399959999999913,0.0039786099999998825
154,2026-06-12T05:48:46.638Z,EPICUSDT,close,+a-b,12,buy,sell,5.0,12.0,7.0,7.0,-5.0,-12.0,0.6368,0.6371333,0.6388,0.6386,0.00399959999999977,0.002400000000001068,0.006399600000000838,0.009945599999999999
155,2026-06-12T06:24:25.570Z,HOMEUSDT,add,+a-b,200,buy,sell,8.0,37.0,29.0,29.0,-8.0,-37.0,0.03004,0.03004,0.0303,0.03015,0.0,0.030000000000000165,0.030000000000000165,0.015981000000000023
156,2026-06-12T08:42:32.392Z,BTWUSDT,open,+a-b,100,buy,sell,21.0,29.0,8.0,8.0,-21.0,-29.0,0.07224,0.072653,0.072854,0.072287,0.04129999999999967,0.056699999999999806,0.09799999999999948,-0.043846999999999525
157,2026-06-12T08:51:10.387Z,BTWUSDT,close,-a+b,100,sell,buy,12.0,9.0,3.0,-3.0,-12.0,-9.0,0.07274,0.072677,0.072596,0.072554,0.006299999999999362,-0.004200000000000037,0.0020999999999993246,0.005038450000000694
158,2026-06-12T10:20:23.550Z,HOMEUSDT,add,+a-b,200,buy,sell,23.0,27.0,4.0,4.0,-23.0,-27.0,0.0285,0.02831,0.02885,0.02839,-0.03800000000000053,0.09200000000000041,0.05399999999999988,0.010330000000000616
159,2026-06-12T10:36:40.479Z,EPICUSDT,open,-a+b,12,sell,buy,28.0,31.0,3.0,3.0,-28.0,-31.0,0.6235,0.6227,0.621,0.6229,0.009600000000000275,0.022800000000000153,0.03240000000000043,-0.009873599999999705
160,2026-06-12T13:33:19.512Z,HOMEUSDT,close,-a+b,200,sell,buy,17.0,228.0,211.0,211.0,-17.0,-228.0,0.02855,0.02856,0.02848,0.02859,-0.0019999999999999185,0.02200000000000049,0.020000000000000573,-0.011715000000000586
161,2026-06-12T13:41:10.591Z,BTWUSDT,open,-a+b,100,sell,buy,4.0,54.0,50.0,50.0,-4.0,-54.0,0.07978,0.07947,0.079037,0.079589,0.03100000000000047,0.055199999999999694,0.08620000000000017,-0.01985293999999893
162,2026-06-12T14:17:02.535Z,HOMEUSDT,add,+a-b,200,buy,sell,18.0,83.0,65.0,65.0,-18.0,-83.0,0.02861,0.02864,0.02884,0.02865,0.0059999999999997555,0.03800000000000053,0.04400000000000029,-0.0037289999999998713
163,2026-06-12T14:21:45.472Z,EPICUSDT,close,+a-b,12,buy,sell,19.0,167.0,148.0,148.0,-19.0,-167.0,0.5526,0.5538,0.5551,0.5545,0.014399999999999746,0.007200000000000539,0.021600000000000286,0.001750200000000035
164,2026-06-12T14:44:21.618Z,HOMEUSDT,close,-a+b,200,sell,buy,15.0,855.0,840.0,840.0,-15.0,-855.0,0.02852,0.02849,0.02846,0.02853,0.0059999999999997555,0.014000000000000123,0.01999999999999988,-0.013701999999999437
165,2026-06-12T14:54:03.550Z,BTWUSDT,close,+a-b,100,buy,sell,4.0,286.0,282.0,282.0,-4.0,-286.0,0.07995,0.07968,0.080553,0.079538,-0.026999999999999247,0.1015000000000002,0.07450000000000095,-0.02216089000000032
166,2026-06-12T15:11:00.498Z,BTWUSDT,open,+a-b,100,buy,sell,20.0,27.0,7.0,7.0,-20.0,-27.0,0.07473,0.07495,0.075057,0.07466,0.021999999999999797,0.03969999999999946,0.061699999999999255,-0.03648050000000058
167,2026-06-12T15:18:24.242Z,BTWUSDT,close,-a+b,100,sell,buy,9.0,257.0,248.0,248.0,-9.0,-257.0,0.07615,0.07615,0.076007,0.076007,0.0,0.0,0.0,0.006692150000000119
168,2026-06-12T15:49:08.119Z,SKYAIUSDT,open,-a+b,30,sell,buy,16.0,22.0,6.0,6.0,-16.0,-22.0,0.31854,0.318316,0.31645,0.3185,0.006720000000000059,0.06149999999999989,0.06821999999999995,-0.015072239999998516
169,2026-06-12T15:58:26.379Z,SKYAIUSDT,close,+a-b,30,buy,sell,20.0,25.0,5.0,5.0,-20.0,-25.0,0.31242,0.3128,0.31301,0.31242,0.011400000000001409,0.017700000000001048,0.029100000000002457,-0.020778300000001693
170,2026-06-12T16:51:15.279Z,HOMEUSDT,close,-a+b,200,sell,buy,19.0,23.0,4.0,4.0,-19.0,-23.0,0.02887,0.02885,0.02878,0.02887,0.003999999999999837,0.01799999999999996,0.021999999999999797,-0.00977199000000084
171,2026-06-12T16:52:35.783Z,HOMEUSDT,close,-a+b,200,sell,buy,16.0,21.0,5.0,5.0,-16.0,-21.0,0.02909,0.02907,0.02902,0.02908,0.004000000000000531,0.012000000000000205,0.016000000000000736,-0.007815000000000794
